<?xml version="1.0"?>
<pages>
<link><pic0>listings/svetlanavodka2@protonmail.com/port8-8.jpg</pic0><pic1>listings/svetlanavodka2@protonmail.com/port8-4.jpg</pic1><pic2>listings/svetlanavodka2@protonmail.com/port8-5.jpg</pic2><email>svetlanavodka2@protonmail.com</email><category>Wildlife</category><location>Rangpur</location><name>Svetlana</name></link><link><pic0>listings/ahnaf.abid22@gmail.com/port2-1.jpg</pic0><pic1>listings/ahnaf.abid22@gmail.com/port2-3.jpg</pic1><pic2>listings/ahnaf.abid22@gmail.com/port2-4.jpg</pic2><email>ahnaf.abid22@gmail.com</email><category>Wedding</category><location>Dhaka</location><name>Ahnaf</name></link><link><pic0>listings/ieatcake2018@gmail.com/port11-4.jpg</pic0><pic1>listings/ieatcake2018@gmail.com/port11-1.jpg</pic1><pic2>listings/ieatcake2018@gmail.com/port10-1.jpeg</pic2><email>ieatcake2018@gmail.com</email><category>Food</category><location>Khulna</location><name>John</name></link></pages>
