<?xml version="1.0"?>
<pages>
<link><pic0>listings/svetlanavodka2@protonmail.com/port8-8.jpg</pic0><pic1>listings/svetlanavodka2@protonmail.com/port8-4.jpg</pic1><pic2>listings/svetlanavodka2@protonmail.com/port8-5.jpg</pic2><email>svetlanavodka2@protonmail.com</email><category>Wildlife</category><location>Rangpur</location><name>Svetlana</name></link><link><pic0>listings/ahnaf.abid22@gmail.com/port2-1.jpg</pic0><pic1>listings/ahnaf.abid22@gmail.com/port2-3.jpg</pic1><pic2>listings/ahnaf.abid22@gmail.com/port2-4.jpg</pic2><email>ahnaf.abid22@gmail.com</email><category>Wedding</category><location>Dhaka</location><name>Ahnaf</name></link><link><pic0>listings/ieatcake2018@gmail.com/port11-4.jpg</pic0><pic1>listings/ieatcake2018@gmail.com/port11-1.jpg</pic1><pic2>listings/ieatcake2018@gmail.com/port10-1.jpeg</pic2><email>ieatcake2018@gmail.com</email><category>Food</category><location>Khulna</location><name>John</name></link><link><pic0>listings/example3@gmail.com/port12-6.jpg</pic0><email>example3@gmail.com</email><category>Architectural</category><location>Sylhet</location><name>Malorie</name></link><link><pic0>listings/ahnaf.abid222@gmail.com/images (2).jpeg</pic0><email>ahnaf.abid222@gmail.com</email><category>Fashion</category><location>Dhaka</location><name>Abid</name></link><link><pic0>listings/ahnaf.abid222@gmail.com/images (2).jpeg</pic0><pic1>listings/ahnaf.abid222@gmail.com/images (10).jpeg</pic1><email>ahnaf.abid222@gmail.com</email><category>Fashion</category><location>Dhaka</location><name>Abid</name></link><link><pic0>listings/ahnaf.abid222@gmail.com/images (2).jpeg</pic0><pic1>listings/ahnaf.abid222@gmail.com/images (10).jpeg</pic1><pic2>listings/ahnaf.abid222@gmail.com/images (11).jpeg</pic2><email>ahnaf.abid222@gmail.com</email><category>Fashion</category><location>Dhaka</location><name>Abid</name></link><link><pic0>listings/lana@gmail.com/port3-1.jpg</pic0><pic1>listings/lana@gmail.com/port3-9.jpg</pic1><pic2>listings/lana@gmail.com/port3-3.jpg</pic2><pic3>listings/lana@gmail.com/port3-4.jpg</pic3><pic4>listings/lana@gmail.com/port3-5.jpg</pic4><email>lana@gmail.com</email><category>Travel</category><location>Chittagong</location><name>Lana Del Rey</name></link><link><pic0>listings/saida.iman@northsouth.edu/port5-10.jpg</pic0><pic1>listings/saida.iman@northsouth.edu/port5-8.jpg</pic1><email>saida.iman@northsouth.edu</email><category>Advertisement</category><location>Barisal</location><name>Saida</name></link><link><pic0>listings/ahnaf.abid22@gmail.com/port2-1.jpg</pic0><pic1>listings/ahnaf.abid22@gmail.com/port2-3.jpg</pic1><pic2>listings/ahnaf.abid22@gmail.com/port2-4.jpg</pic2><pic3>listings/ahnaf.abid22@gmail.com/g2.png</pic3><pic4>listings/ahnaf.abid22@gmail.com/g3.png</pic4><email>ahnaf.abid22@gmail.com</email><category>Travel</category><location>Mymensingh</location><name>Jerry</name></link></pages>
